antiguedad,caja_cambios,descripcion,marca_modelo,millas,motor,precio_libra
2015 reg,Manual,3L M135i,"BMW, ,1 Series","67,907 miles",Petrol,"£15,250"
2019 reg,Manual,1.5L Sport 118i,"BMW, ,1 Series","30,240 miles",Petrol,"£15,300"
2018 reg,Manual,1.5L M Sport 216d,"BMW, ,2 Series Active Tourer","35,470 miles",Diesel,"£15,300"
2019 reg,Manual,1.5L SE 218i,"BMW, ,2 Series Gran Tourer","38,509 miles",Petrol,"£15,450"
2017 reg,Manual,2L Sport 120i,"BMW, ,1 Series","18,568 miles",Petrol,"£15,450"
2018 reg,Manual,1.5L Sport 118i,"BMW, ,1 Series","19,631 miles",Petrol,"£15,600"
2017 reg,Automatic,1.5L M Sport 118i,"BMW, ,1 Series","26,864 miles",Petrol,"£15,600"
2017 reg,Automatic,1.5L M Sport 116d,"BMW, ,1 Series","37,435 miles",Diesel,"£15,700"
2018 reg,Manual,2L M Sport 18d,"BMW, ,X1","61,926 miles",Diesel,"£15,700"
2018 reg,Manual,1.5L SE 218i,"BMW, ,2 Series Gran Tourer","26,365 miles",Petrol,"£15,750"
2016 reg,Automatic,2L M Sport 520d,"BMW, ,5 Series","60,725 miles",Diesel,"£15,750"
2017 reg,Automatic,2L Sport 218d,"BMW, ,2 Series","47,004 miles",Diesel,"£15,850"
2019 reg,Manual,1.5L Sport 118i,"BMW, ,1 Series","15,851 miles",Petrol,"£15,850"
2018 reg,Automatic,1.5L SE 118i,"BMW, ,1 Series","34,641 miles",Petrol,"£15,900"
2017 reg,Manual,2L M Sport 420d,"BMW, ,4 Series Gran Coupe","54,692 miles",Diesel,"£15,950"
2016 reg,Manual,1.5L M Sport 218i,"BMW, ,2 Series","36,873 miles",Petrol,"£15,950"
2019 reg,Manual,1.5L Sport 118i,"BMW, ,1 Series","21,109 miles",Petrol,"£15,950"
2019 reg,Manual,1.5L SE 118i,"BMW, ,1 Series","15,908 miles",Petrol,"£16,000"
2017 reg,Automatic,1.5L SE 118i,"BMW, ,1 Series","14,174 miles",Petrol,"£16,050"
2018 reg,Manual,1.5L M Sport Shadow Edition 118i,"BMW, ,1 Series","45,602 miles",Petrol,"£16,100"
2016 reg,Manual,1.5L Sport 218i,"BMW, ,2 Series","11,417 miles",Petrol,"£16,100"
2016 reg,Automatic,2L M Sport 118d,"BMW, ,1 Series","19,781 miles",Diesel,"£16,150"
2017 reg,Automatic,2L Luxury 330e,"BMW, ,3 Series","57,373 miles",Plug-in hybrid,"£16,150"
2018 reg,Automatic,1.5L Sport 118i,"BMW, ,1 Series","39,923 miles",Petrol,"£16,300"
2016 reg,Automatic,2L SE 520d,"BMW, ,5 Series","27,252 miles",Diesel,"£16,300"
2016 reg,Automatic,2L M Sport 520d,"BMW, ,5 Series","38,761 miles",Diesel,"£16,300"
2017 reg,Automatic,1.5L Sport 218i,"BMW, ,2 Series","22,804 miles",Petrol,"£16,350"
2017 reg,Manual,2L SE 18d,"BMW, ,X1","18,248 miles",Diesel,"£16,350"
2017 reg,Automatic,1.5L Sport 118i,"BMW, ,1 Series","24,072 miles",Petrol,"£16,400"
2018 reg,Manual,1.5L SE 218i,"BMW, ,2 Series Gran Tourer","14,972 miles",Petrol,"£16,400"
2019 reg,Manual,1.5L SE 218i,"BMW, ,2 Series Gran Tourer","17,731 miles",Petrol,"£16,400"
2018 reg,Automatic,1.5L Sport 118i,"BMW, ,1 Series","26,021 miles",Petrol,"£16,400"
2019 reg,Manual,1.5L M Sport Shadow Edition 118i,"BMW, ,1 Series","31,297 miles",Petrol,"£16,550"
2015 reg,Automatic,2L Sport 320d,"BMW, ,3 Series","26,159 miles",Diesel,"£16,600"
2018 reg,Automatic,1.5L M Sport 218i,"BMW, ,2 Series Active Tourer","35,927 miles",Petrol,"£16,650"
2016 reg,Manual,1.5L M Sport 218i,"BMW, ,2 Series Gran Tourer","24,360 miles",Petrol,"£16,650"
2017 reg,Automatic,2L Sport 320i,"BMW, ,3 Series","26,195 miles",Petrol,"£16,700"
2019 reg,Manual,1.5L M Sport Shadow Edition 118i,"BMW, ,1 Series","53,056 miles",Petrol,"£16,700"
2019 reg,Manual,2L SE 218d,"BMW, ,2 Series Active Tourer","12,430 miles",Diesel,"£16,750"
2018 reg,Automatic,1.5L Sport 118i,"BMW, ,1 Series","31,787 miles",Petrol,"£16,800"
2017 reg,Automatic,2L Sport 118d,"BMW, ,1 Series","17,538 miles",Diesel,"£16,800"
2016 reg,Manual,2L Sport 220i,"BMW, ,2 Series","26,612 miles",Petrol,"£16,850"
2019 reg,Manual,1.5L M Sport Shadow Edition 118i,"BMW, ,1 Series","34,757 miles",Petrol,"£16,850"
2019 reg,Manual,2L SE 320d,"BMW, ,3 Series","42,225 miles",Diesel,"£16,850"
2018 reg,Automatic,2L Sport 20d,"BMW, ,X1","52,338 miles",Diesel,"£16,950"
2019 reg,Automatic,1.5L M Sport Shadow Edition 116d,"BMW, ,1 Series","59,179 miles",Diesel,"£17,000"
2015 reg,Automatic,2L Luxury 428i,"BMW, ,4 Series","13,182 miles",Petrol,"£17,050"
2021 reg,Automatic,2L M Sport 330i,"BMW, ,3 Series","15,081 miles",Petrol,"£33,700"
2018 reg,Automatic,3L M50d,"BMW, ,X6","47,496 miles",Diesel,"£33,750"
2019 reg,Automatic,3L M Sport 30d,"BMW, ,X4","40,190 miles",Diesel,"£33,800"
2020 reg,Automatic,2L M Sport 30i,"BMW, ,Z4","32,547 miles",Petrol,"£34,100"
2021 reg,Automatic,2L M Sport 330i,"BMW, ,3 Series","11,404 miles",Petrol,"£34,150"
2019 reg,Automatic,3L M Sport 730d,"BMW, ,7 Series","36,744 miles",Diesel,"£34,400"
2022 reg,Automatic,2L xLine 20i,"BMW, ,X1","3,242 miles",Petrol,"£34,550"
2017 reg,Automatic,3L M50d,"BMW, ,X5","46,700 miles",Diesel,"£34,550"
2021 reg,Automatic,2L xLine 20i,"BMW, ,X1","7,261 miles",Petrol,"£34,700"
2022 reg,Automatic,2L xLine 18d,"BMW, ,X1","1,958 miles",Diesel,"£34,950"
2019 reg,Automatic,3L M40i,"BMW, ,X3","27,295 miles",Petrol,"£35,000"
2019 reg,Automatic,2L M Sport 20d,"BMW, ,X4","16,026 miles",Diesel,"£36,500"
2019 reg,Automatic,3L M Sport Plus Edition 330d,"BMW, ,3 Series","21,140 miles",Diesel,"£37,400"
2021 reg,Automatic,2L M Sport MHT 20d,"BMW, ,X3","10,262 miles",Diesel,"£37,600"
2021 reg,Automatic,1.5L xLine 25e,"BMW, ,X1","5,897 miles",Plug-in hybrid,"£37,650"
2019 reg,Automatic,3L Competition BiTurbo,"BMW, ,M2","23,747 miles",Petrol,"£38,100"
2021 reg,Automatic,2L M Sport MHT 20d,"BMW, ,X3","3,507 miles",Diesel,"£39,300"
2021 reg,Automatic,2L M Sport 20i,"BMW, ,X3","5,737 miles",Petrol,"£39,600"
2022 reg,Automatic,2L M Sport MHT 420d,"BMW, ,4 Series Gran Coupe","2,217 miles",Diesel,"£40,100"
2019 reg,Manual,3L Competition BiTurbo,"BMW, ,M2","15,413 miles",Petrol,"£42,200"
2022 reg,Automatic,1.5L M Sport 25e,"BMW, ,X1","3,192 miles",Plug-in hybrid,"£42,600"
2022 reg,Automatic,1.5L M Sport 25e,"BMW, ,X1","2,786 miles",Plug-in hybrid,"£42,700"
2022 reg,Automatic,1.5L M Sport 25e,"BMW, ,X1","2,552 miles",Plug-in hybrid,"£42,750"
2021 reg,Automatic,3L MHT M340i,"BMW, ,3 Series","14,089 miles",Petrol,"£42,800"
2022 reg,Automatic,1.5L M Sport 25e,"BMW, ,X1","2,019 miles",Plug-in hybrid,"£42,850"
2022 reg,Automatic,1.5L M Sport 25e,"BMW, ,X1","3,571 miles",Plug-in hybrid,"£42,950"
2022 reg,Automatic,1.5L M Sport 25e,"BMW, ,X1","1,660 miles",Plug-in hybrid,"£42,950"
2020 reg,Automatic,3L M340i,"BMW, ,3 Series","16,367 miles",Petrol,"£43,100"
2022 reg,Automatic,1.5L M Sport 25e,"BMW, ,X1","2,633 miles",Plug-in hybrid,"£43,150"
2022 reg,Automatic,1.5L M Sport 25e,"BMW, ,X1","2,368 miles",Plug-in hybrid,"£43,200"
2016 reg,Automatic,2L M Sport 420d,"BMW, ,4 Series","66,266 miles",Diesel,"£17,050"
2019 reg,Manual,1.5L M Sport 118i,"BMW, ,1 Series","25,123 miles",Petrol,"£17,100"
2016 reg,Manual,2L M Sport 420i,"BMW, ,4 Series","27,754 miles",Petrol,"£17,100"
2016 reg,Automatic,2L M Sport 520d,"BMW, ,5 Series","36,465 miles",Diesel,"£17,150"
2017 reg,Manual,2L M Sport 218d,"BMW, ,2 Series","16,285 miles",Diesel,"£17,150"
2015 reg,Automatic,2L M Sport 420d,"BMW, ,4 Series","42,867 miles",Diesel,"£17,200"
2018 reg,Manual,1.5L Sport 318i,"BMW, ,3 Series","11,424 miles",Petrol,"£17,200"
2018 reg,Manual,1.5L M Sport Shadow Edition 118i,"BMW, ,1 Series","35,563 miles",Petrol,"£17,250"
2018 reg,Manual,1.5L M Sport 218i,"BMW, ,2 Series","34,796 miles",Petrol,"£17,250"
2018 reg,Automatic,2L ED Plus 320d,"BMW, ,3 Series","27,438 miles",Diesel,"£17,250"
2019 reg,Manual,1.5L M Sport 118i,"BMW, ,1 Series","32,681 miles",Petrol,"£17,350"
2018 reg,Automatic,2L SE 420d,"BMW, ,4 Series Gran Coupe","34,264 miles",Diesel,"£17,350"
2017 reg,Automatic,2L M Sport Shadow Edition 118d,"BMW, ,1 Series","29,460 miles",Diesel,"£17,400"
2016 reg,Automatic,2L SE 20d,"BMW, ,X3","60,476 miles",Diesel,"£17,400"
2019 reg,Manual,2L SE 320d,"BMW, ,3 Series","46,112 miles",Diesel,"£17,500"
2019 reg,Manual,1.5L M Sport Shadow Edition 118i,"BMW, ,1 Series","34,588 miles",Petrol,"£17,550"
2015 reg,Automatic,2L M Sport 420d,"BMW, ,4 Series","46,183 miles",Diesel,"£17,550"
2016 reg,Automatic,2L M Sport 225d,"BMW, ,2 Series","42,150 miles",Diesel,"£17,550"
2018 reg,Manual,1.5L M Sport 218i,"BMW, ,2 Series","16,156 miles",Petrol,"£17,550"
2017 reg,Automatic,2L M Sport 220d,"BMW, ,2 Series","41,398 miles",Diesel,"£17,650"
2017 reg,Automatic,1.5L Sport 218i,"BMW, ,2 Series","32,602 miles",Petrol,"£17,650"
2019 reg,Automatic,1.5L Sport 118i,"BMW, ,1 Series","32,965 miles",Petrol,"£17,700"
2018 reg,Automatic,2L Sport 20d,"BMW, ,X1","50,652 miles",Diesel,"£17,750"
2016 reg,Automatic,3L M135i,"BMW, ,1 Series","59,106 miles",Petrol,"£17,750"
2019 reg,Manual,1.5L M Sport Shadow Edition 118i,"BMW, ,1 Series","26,463 miles",Petrol,"£17,750"
2019 reg,Automatic,1.5L Sport 118i,"BMW, ,1 Series","25,585 miles",Petrol,"£17,800"
2016 reg,Automatic,2L M Sport 520d,"BMW, ,5 Series","48,813 miles",Diesel,"£17,800"
2019 reg,Manual,1.5L M Sport Shadow Edition 118i,"BMW, ,1 Series","20,038 miles",Petrol,"£17,850"
2018 reg,Automatic,2L M Sport 330e,"BMW, ,3 Series","65,956 miles",Hybrid,"£17,900"
2016 reg,Automatic,2L M Sport 320d,"BMW, ,3 Series","57,117 miles",Diesel,"£17,900"
2017 reg,Automatic,2L M Sport 20d,"BMW, ,X1","56,195 miles",Diesel,"£17,900"
2017 reg,Automatic,2L SE 420d,"BMW, ,4 Series Gran Coupe","25,739 miles",Diesel,"£17,900"
2018 reg,Automatic,1.5L M Sport 118i,"BMW, ,1 Series","18,050 miles",Petrol,"£18,050"
2017 reg,Automatic,2L SE 18d,"BMW, ,X1","27,628 miles",Diesel,"£18,100"
2019 reg,Manual,1.5L M Sport Shadow Edition 116d,"BMW, ,1 Series","20,904 miles",Diesel,"£18,100"
2017 reg,Automatic,1.5L SE 218i,"BMW, ,2 Series Gran Tourer","21,000 miles",Petrol,"£18,200"
2017 reg,Automatic,2L M Sport 320d,"BMW, ,3 Series","37,890 miles",Diesel,"£18,200"
2019 reg,Automatic,2L SE 20i,"BMW, ,X2","54,465 miles",Petrol,"£18,200"
2019 reg,Manual,1.5L M Sport Shadow Edition 118i,"BMW, ,1 Series","23,106 miles",Petrol,"£18,300"
2018 reg,Automatic,1.5L M Sport Shadow Edition 118i,"BMW, ,1 Series","32,228 miles",Petrol,"£18,300"
2018 reg,Automatic,2L SE 520d,"BMW, ,5 Series","61,411 miles",Diesel,"£18,400"
2019 reg,Manual,1.5L M Sport Shadow Edition 118i,"BMW, ,1 Series","19,844 miles",Petrol,"£18,450"
2016 reg,Automatic,2L M Sport 28i,"BMW, ,Z4","48,974 miles",Petrol,"£18,450"
2018 reg,Automatic,1.5L M Sport Shadow Edition 118i,"BMW, ,1 Series","25,090 miles",Petrol,"£18,500"
2018 reg,Automatic,2L M Sport 420i,"BMW, ,4 Series Gran Coupe","45,735 miles",Petrol,"£18,550"
2017 reg,Automatic,2L Luxury 420d,"BMW, ,4 Series Gran Coupe","50,761 miles",Diesel,"£18,600"
2018 reg,Automatic,2L xLine 20d,"BMW, ,X1","61,485 miles",Diesel,"£18,700"
2019 reg,Automatic,S,"BMW, ,i3","22,271 miles",Electric,"£26,950"
2018 reg,Automatic,2L M Sport 20d,"BMW, ,X3","30,234 miles",Diesel,"£27,000"
2019 reg,Automatic,2L M Sport 520d,"BMW, ,5 Series","17,889 miles",Diesel,"£27,150"
2019 reg,Automatic,S,"BMW, ,i3","26,350 miles",Electric,"£27,150"
2018 reg,Automatic,2L M Sport 530e,"BMW, ,5 Series","22,869 miles",Hybrid,"£27,150"
2020 reg,Automatic,1.5L M Sport 218i,"BMW, ,2 Series Gran Coupe","9,490 miles",Petrol,"£27,150"
2019 reg,Automatic,2L M Sport 20d,"BMW, ,X3","53,656 miles",Diesel,"£27,200"
2019 reg,Automatic,2L M Sport 320d,"BMW, ,3 Series","19,985 miles",Diesel,"£27,200"
2018 reg,Automatic,3L M Sport 640d,"BMW, ,6 Series Gran Coupe","41,189 miles",Diesel,"£27,400"
2019 reg,Automatic,3L M240i,"BMW, ,2 Series","6,785 miles",Petrol,"£27,400"
2019 reg,Automatic,2L M Sport 20d,"BMW, ,X3","54,780 miles",Diesel,"£27,400"
2021 reg,Automatic,1.5L M Sport 218i,"BMW, ,2 Series Gran Coupe","16,386 miles",Petrol,"£27,450"
2019 reg,Automatic,2L M Sport 320d,"BMW, ,3 Series","27,569 miles",Diesel,"£27,500"
2018 reg,Automatic,2L M Sport 530e,"BMW, ,5 Series","21,766 miles",Hybrid,"£27,600"
2020 reg,Automatic,2L M Sport 320i,"BMW, ,3 Series","8,965 miles",Petrol,"£27,650"
2018 reg,Automatic,2L M Sport 530e,"BMW, ,5 Series","26,129 miles",Plug-in hybrid,"£27,700"
2020 reg,Automatic,1.5L M Sport 118i,"BMW, ,1 Series","4,603 miles",Petrol,"£27,700"
2018 reg,Automatic,3L M Sport 30d,"BMW, ,X4","31,001 miles",Diesel,"£27,800"
2018 reg,Automatic,2L M Sport 530e,"BMW, ,5 Series","19,349 miles",Plug-in hybrid,"£27,850"
2016 reg,Automatic,3L M Sport 535i,"BMW, ,5 Series","21,924 miles",Petrol,"£27,900"
2019 reg,Automatic,2L M Sport 320d,"BMW, ,3 Series","20,614 miles",Diesel,"£27,900"
2021 reg,Automatic,2L xLine 20i,"BMW, ,X1","13,244 miles",Petrol,"£27,900"
2021 reg,Automatic,2L M Sport 320i,"BMW, ,3 Series","41,064 miles",Petrol,"£27,950"
2020 reg,Automatic,2L M Sport 320i,"BMW, ,3 Series","8,947 miles",Petrol,"£27,950"
2019 reg,Automatic,2L M Sport 320d,"BMW, ,3 Series","24,965 miles",Diesel,"£28,000"
2020 reg,Automatic,1.5L M Sport 118i,"BMW, ,1 Series","3,758 miles",Petrol,"£28,050"
2019 reg,Automatic,3L Sport 330d,"BMW, ,3 Series","26,792 miles",Diesel,"£28,050"
2018 reg,Automatic,2L M Sport 530i,"BMW, ,5 Series","21,229 miles",Petrol,"£28,100"
2019 reg,Automatic,2L M Sport 320d,"BMW, ,3 Series","32,337 miles",Diesel,"£28,150"
2020 reg,Automatic,1.5L M Sport 118i,"BMW, ,1 Series","18,640 miles",Petrol,"£28,200"
2022 reg,Manual,1.5L M Sport 118i,"BMW, ,1 Series","3,607 miles",Petrol,"£28,250"
2018 reg,Automatic,2L M Sport 20d,"BMW, ,X3","29,784 miles",Diesel,"£28,250"
2019 reg,Automatic,2L M Sport 20d,"BMW, ,X3","48,062 miles",Diesel,"£28,250"
2019 reg,Automatic,2L M Sport 330i,"BMW, ,3 Series","37,036 miles",Petrol,"£28,350"
2020 reg,Automatic,2L M Sport 320i,"BMW, ,3 Series","12,658 miles",Petrol,"£28,350"
2021 reg,Manual,1.5L Sport 18i,"BMW, ,X1","8,478 miles",Petrol,"£28,550"
2021 reg,Automatic,2L Sport 20i,"BMW, ,X1","9,895 miles",Petrol,"£28,550"
2021 reg,Automatic,,"BMW, ,i3","5,569 miles",Electric,"£28,650"
2018 reg,Automatic,3L M Sport 630d,"BMW, ,6 Series Gran Turismo","16,504 miles",Diesel,"£28,650"
2019 reg,Automatic,3L Shadow Edition M140i,"BMW, ,1 Series","14,282 miles",Petrol,"£28,700"
2018 reg,Automatic,2L M Sport 20d,"BMW, ,X3","24,452 miles",Diesel,"£28,700"
2019 reg,Automatic,2L M Sport 330i,"BMW, ,3 Series","26,758 miles",Petrol,"£28,750"
2021 reg,Automatic,1.5L M Sport 218i,"BMW, ,2 Series Gran Coupe","11,594 miles",Petrol,"£28,850"
2019 reg,Automatic,2L M Sport 430i,"BMW, ,4 Series","5,937 miles",Petrol,"£28,850"
2016 reg,Automatic,3L 35is,"BMW, ,Z4","29,714 miles",Petrol,"£29,000"
2019 reg,Automatic,2L xLine 20d,"BMW, ,X3","32,769 miles",Diesel,"£29,050"
2019 reg,Automatic,2L xLine 20d,"BMW, ,X3","17,616 miles",Diesel,"£29,050"
2018 reg,Automatic,2L M Sport 20d,"BMW, ,X3","33,899 miles",Diesel,"£29,100"
2020 reg,Automatic,2L M Sport 320i,"BMW, ,3 Series","19,155 miles",Petrol,"£29,350"
2019 reg,Automatic,3L M Sport 30d,"BMW, ,X3","49,843 miles",Diesel,"£29,400"
2018 reg,Automatic,2L M Sport 20d,"BMW, ,X3","25,972 miles",Diesel,"£29,500"
2019 reg,Automatic,2L M Sport 20d,"BMW, ,X3","37,473 miles",Diesel,"£29,500"
2018 reg,Automatic,2L M Sport 20d,"BMW, ,X3","30,089 miles",Diesel,"£29,550"
2020 reg,Automatic,2L M Sport 320i,"BMW, ,3 Series","6,292 miles",Petrol,"£29,600"
2019 reg,Automatic,2L M Sport 330e,"BMW, ,3 Series","33,883 miles",Petrol,"£29,600"
2019 reg,Automatic,2L M Sport 20d,"BMW, ,X3","42,757 miles",Diesel,"£29,650"
2020 reg,Automatic,2L xLine 20i,"BMW, ,X1","3,106 miles",Petrol,"£29,750"
2022 reg,Automatic,1.5L M Sport 118i,"BMW, ,1 Series","3,848 miles",Petrol,"£29,800"
2020 reg,Automatic,2L M Sport 320i,"BMW, ,3 Series","14,834 miles",Petrol,"£29,800"
2019 reg,Automatic,2L M Sport 20d,"BMW, ,X3","27,534 miles",Diesel,"£29,850"
2020 reg,Automatic,2L M Sport 320i,"BMW, ,3 Series","9,051 miles",Petrol,"£29,850"
2020 reg,Automatic,2L M Sport 320i,"BMW, ,3 Series","13,955 miles",Petrol,"£29,850"
2019 reg,Automatic,2L M Sport 20d,"BMW, ,X3","28,820 miles",Diesel,"£29,900"
2020 reg,Automatic,2L M Sport MHT 520d,"BMW, ,5 Series","18,258 miles",Diesel,"£29,950"
2018 reg,Automatic,3L M Sport 440i,"BMW, ,4 Series","17,058 miles",Petrol,"£30,000"
2020 reg,Automatic,2L M Sport 320i,"BMW, ,3 Series","11,003 miles",Petrol,"£30,150"
2020 reg,Automatic,2L M Sport 420d,"BMW, ,4 Series","1,181 miles",Diesel,"£30,300"
2018 reg,Automatic,3L M Sport 30d,"BMW, ,X5","69,292 miles",Diesel,"£30,400"
2019 reg,Automatic,2L M Sport 330i,"BMW, ,3 Series","18,893 miles",Petrol,"£30,450"
2020 reg,Automatic,2L M Sport 320i,"BMW, ,3 Series","7,811 miles",Petrol,"£30,850"
2021 reg,Automatic,1.5L M Sport 218i,"BMW, ,2 Series Gran Coupe",488 miles,Petrol,"£30,850"
2019 reg,Automatic,2L M Sport 20d,"BMW, ,X3","23,077 miles",Diesel,"£30,900"
2020 reg,Automatic,2L M Sport 430i,"BMW, ,4 Series","14,108 miles",Petrol,"£31,050"
2019 reg,Automatic,2L M Sport 20d,"BMW, ,X3","30,787 miles",Diesel,"£31,050"
2019 reg,Automatic,2L M Sport 20d,"BMW, ,X3","22,924 miles",Diesel,"£31,250"
2019 reg,Automatic,2L M Sport 20d,"BMW, ,X3","28,895 miles",Diesel,"£31,300"
2020 reg,Automatic,2L M Sport 20d,"BMW, ,X3","37,259 miles",Diesel,"£31,300"
2019 reg,Automatic,2L M Sport 330e,"BMW, ,3 Series","26,407 miles",Plug-in hybrid,"£31,350"
2018 reg,Automatic,2L M Sport 20d,"BMW, ,X3","14,718 miles",Diesel,"£31,600"
2020 reg,Automatic,2L M Sport 530i,"BMW, ,5 Series","10,281 miles",Petrol,"£31,800"
2019 reg,Automatic,2L M Sport 20d,"BMW, ,X3","26,151 miles",Diesel,"£31,800"
2016 reg,Automatic,3L BiTurbo,"BMW, ,M4","30,883 miles",Petrol,"£32,050"
2019 reg,Automatic,2L M Sport 20d,"BMW, ,X3","18,042 miles",Diesel,"£32,350"
2018 reg,Automatic,3L M Sport 30d,"BMW, ,X5","55,726 miles",Diesel,"£32,400"
2021 reg,Automatic,2L M Sport 20i,"BMW, ,X2","12,394 miles",Petrol,"£32,400"
2019 reg,Automatic,2L M Sport 20d,"BMW, ,X3","22,238 miles",Diesel,"£32,550"
2019 reg,Automatic,2L M Sport 20d,"BMW, ,X3","11,492 miles",Diesel,"£32,750"
2020 reg,Automatic,2L M Sport MHT 20d,"BMW, ,X3","12,819 miles",Diesel,"£32,800"
2019 reg,Automatic,2L M Sport 20d,"BMW, ,X3","5,241 miles",Diesel,"£32,850"
2019 reg,Automatic,2L M Sport 530e,"BMW, ,5 Series","27,486 miles",Plug-in hybrid,"£32,850"
2020 reg,Automatic,2L M Sport MHT 20d,"BMW, ,X3","22,666 miles",Diesel,"£32,900"
2021 reg,Automatic,2L M Sport 330i,"BMW, ,3 Series","2,868 miles",Petrol,"£33,300"
2021 reg,Automatic,2L xLine 20i,"BMW, ,X1","1,432 miles",Petrol,"£33,450"
2019 reg,Automatic,2L M Sport 20d,"BMW, ,X3","13,336 miles",Diesel,"£33,650"
2018 reg,Automatic,1.5L SE 218i,"BMW, ,2 Series Gran Tourer","14,115 miles",Petrol,"£18,700"
2019 reg,Manual,1.5L Sport 218i,"BMW, ,2 Series Gran Tourer","9,081 miles",Petrol,"£18,750"
2019 reg,Automatic,1.5L M Sport Shadow Edition 116d,"BMW, ,1 Series","24,622 miles",Diesel,"£18,800"
2015 reg,Automatic,3L M Sport 430d,"BMW, ,4 Series Gran Coupe","29,281 miles",Diesel,"£18,800"
2019 reg,Automatic,1.5L SE 218i,"BMW, ,2 Series Gran Tourer","21,895 miles",Petrol,"£18,850"
2018 reg,Automatic,1.5L M Sport 218i,"BMW, ,2 Series Gran Tourer","41,000 miles",Petrol,"£18,850"
2017 reg,Automatic,21.6kWh,"BMW, ,i3","44,390 miles",Electric,"£18,850"
2018 reg,Automatic,2L xLine 20i,"BMW, ,X1","45,435 miles",Petrol,"£18,850"
2018 reg,Manual,1.5L M Sport Shadow Edition 118i,"BMW, ,1 Series","2,202 miles",Petrol,"£18,900"
2019 reg,Automatic,1.5L M Sport Shadow Edition 118i,"BMW, ,1 Series","40,576 miles",Petrol,"£18,950"
2018 reg,Automatic,2L SE 525d,"BMW, ,5 Series","68,135 miles",Diesel,"£19,000"
2019 reg,Automatic,1.5L M Sport Shadow Edition 118i,"BMW, ,1 Series","37,332 miles",Petrol,"£19,000"
2018 reg,Automatic,2L Sport 18d,"BMW, ,X1","30,652 miles",Diesel,"£19,050"
2019 reg,Manual,2L SE 320d,"BMW, ,3 Series","20,717 miles",Diesel,"£19,050"
2018 reg,Automatic,2L Sport 20d,"BMW, ,X1","23,049 miles",Diesel,"£19,100"
2018 reg,Automatic,2L Sport 20d,"BMW, ,X1","22,385 miles",Diesel,"£19,100"
2019 reg,Manual,1.5L M Sport Shadow Edition 118i,"BMW, ,1 Series","19,802 miles",Petrol,"£19,150"
2019 reg,Automatic,1.5L M Sport 118i,"BMW, ,1 Series","24,035 miles",Petrol,"£19,150"
2019 reg,Automatic,1.5L M Sport 118i,"BMW, ,1 Series","15,929 miles",Diesel,"£19,150"
2018 reg,Automatic,2L M Sport 220i,"BMW, ,2 Series","39,394 miles",Petrol,"£19,250"
2016 reg,Manual,3L M240i,"BMW, ,2 Series","33,897 miles",Petrol,"£19,250"
2016 reg,Automatic,2L M Sport 520d,"BMW, ,5 Series","25,314 miles",Diesel,"£19,250"
2016 reg,Automatic,2L M Sport 20d,"BMW, ,X3","52,520 miles",Diesel,"£19,250"
2017 reg,Automatic,2L M Sport 420d,"BMW, ,4 Series Gran Coupe","54,131 miles",Diesel,"£19,300"
2016 reg,Manual,3L M140i,"BMW, ,1 Series","31,715 miles",Petrol,"£19,300"
2015 reg,Automatic,3L M Sport 535d,"BMW, ,5 Series","45,205 miles",Diesel,"£19,350"
2019 reg,Manual,1.5L M Sport 218i,"BMW, ,2 Series","16,897 miles",Petrol,"£19,350"
2018 reg,Automatic,2L xLine 20i,"BMW, ,X1","49,838 miles",Petrol,"£19,350"
2019 reg,Manual,1.5L M Sport 218i,"BMW, ,2 Series","12,267 miles",Petrol,"£19,550"
2018 reg,Automatic,2L M Sport 420i,"BMW, ,4 Series Gran Coupe","42,721 miles",Petrol,"£19,600"
2019 reg,Manual,1.5L M Sport Shadow Edition 118i,"BMW, ,1 Series","15,517 miles",Petrol,"£19,650"
2018 reg,Manual,1.5L M Sport 218i,"BMW, ,2 Series","4,482 miles",Petrol,"£19,700"
2018 reg,Automatic,1.5L Luxury 218i,"BMW, ,2 Series Gran Tourer","15,845 miles",Petrol,"£19,700"
2017 reg,Automatic,1.5L Sport 218i,"BMW, ,2 Series","31,094 miles",Petrol,"£19,750"
2018 reg,Automatic,2L Sport 20d,"BMW, ,X1","36,542 miles",Diesel,"£19,800"
2019 reg,Automatic,1.5L M Sport Shadow Edition 116d,"BMW, ,1 Series","26,330 miles",Diesel,"£19,800"
2019 reg,Automatic,1.5L M Sport Shadow Edition 118i,"BMW, ,1 Series","24,510 miles",Petrol,"£19,800"
2019 reg,Automatic,2L Sport 420d,"BMW, ,4 Series Gran Coupe","45,226 miles",Diesel,"£19,850"
2019 reg,Automatic,2L M Sport 320i,"BMW, ,3 Series Gran Turismo","63,446 miles",Petrol,"£19,900"
2015 reg,Automatic,0.6L ,"BMW, ,i3","7,054 miles",Plug-in hybrid,"£19,900"
2016 reg,Automatic,3L M135i,"BMW, ,1 Series","21,792 miles",Petrol,"£19,900"
2018 reg,Automatic,2L xLine 20i,"BMW, ,X1","40,947 miles",Petrol,"£19,950"
2016 reg,Automatic,3L M235i,"BMW, ,2 Series","42,831 miles",Petrol,"£19,950"
2016 reg,Automatic,2L M Sport 20i,"BMW, ,Z4","25,335 miles",Petrol,"£20,050"
2018 reg,Automatic,21.6kWh,"BMW, ,i3","45,809 miles",Electric,"£20,050"
2018 reg,Automatic,2L Sport 20d,"BMW, ,X1","33,563 miles",Diesel,"£20,100"
2018 reg,Automatic,2L M Sport Shadow Edition 330e,"BMW, ,3 Series","54,536 miles",Plug-in hybrid,"£20,200"
2020 reg,Automatic,1.5L M Sport 118i,"BMW, ,1 Series","8,218 miles",Petrol,"£25,500"
2019 reg,Automatic,3L Shadow Edition M140i,"BMW, ,1 Series","24,567 miles",Petrol,"£25,550"
2020 reg,Automatic,2L M Sport 320i,"BMW, ,3 Series","31,961 miles",Petrol,"£25,550"
2018 reg,Automatic,3L Shadow Edition M140i,"BMW, ,1 Series","26,946 miles",Petrol,"£25,600"
2019 reg,Automatic,2L M Sport 20i,"BMW, ,X2","7,902 miles",Petrol,"£25,600"
2019 reg,Automatic,2L M Sport 530e,"BMW, ,5 Series","42,380 miles",Hybrid,"£25,600"
2018 reg,Automatic,2L M Sport 520d,"BMW, ,5 Series","20,696 miles",Diesel,"£25,650"
2020 reg,Automatic,1.5L M Sport 118i,"BMW, ,1 Series","14,629 miles",Petrol,"£25,650"
2020 reg,Automatic,1.5L M Sport 118i,"BMW, ,1 Series","2,904 miles",Petrol,"£25,650"
2020 reg,Automatic,1.5L M Sport 118i,"BMW, ,1 Series","14,776 miles",Petrol,"£25,750"
2020 reg,Automatic,42.2kWh,"BMW, ,i3","32,218 miles",Electric,"£25,750"
2020 reg,Automatic,1.5L M Sport 118i,"BMW, ,1 Series","21,676 miles",Petrol,"£25,950"
2019 reg,Automatic,2L M Sport 330i,"BMW, ,3 Series","40,141 miles",Petrol,"£25,950"
2018 reg,Automatic,3L Shadow Edition M140i,"BMW, ,1 Series","14,339 miles",Petrol,"£26,000"
2020 reg,Automatic,2L xLine 20i,"BMW, ,X1","41,968 miles",Petrol,"£26,050"
2019 reg,Automatic,2L M Sport 520d,"BMW, ,5 Series","22,045 miles",Diesel,"£26,050"
2020 reg,Automatic,1.5L M Sport 118i,"BMW, ,1 Series","6,096 miles",Petrol,"£26,050"
2020 reg,Automatic,1.5L M Sport 118i,"BMW, ,1 Series","8,497 miles",Petrol,"£26,100"
2019 reg,Automatic,3L Shadow Edition M140i,"BMW, ,1 Series","27,241 miles",Petrol,"£26,150"
2019 reg,Automatic,3L Shadow Edition M140i,"BMW, ,1 Series","29,628 miles",Petrol,"£26,150"
2019 reg,Automatic,2L M Sport 330i,"BMW, ,3 Series","34,636 miles",Petrol,"£26,150"
2018 reg,Automatic,2L M Sport 530e,"BMW, ,5 Series","38,894 miles",Plug-in hybrid,"£26,200"
2019 reg,Automatic,2L M Sport 320d,"BMW, ,3 Series","25,515 miles",Diesel,"£26,250"
2020 reg,Automatic,1.5L M Sport 118i,"BMW, ,1 Series","11,674 miles",Petrol,"£26,300"
2020 reg,Automatic,1.5L M Sport 118i,"BMW, ,1 Series","16,765 miles",Petrol,"£26,300"
2020 reg,Automatic,2L M Sport 520i,"BMW, ,5 Series","23,894 miles",Petrol,"£26,350"
2020 reg,Automatic,1.5L M Sport 118i,"BMW, ,1 Series","7,377 miles",Petrol,"£26,350"
2020 reg,Automatic,1.5L M Sport 118i,"BMW, ,1 Series","11,421 miles",Petrol,"£26,400"
2020 reg,Automatic,1.5L M Sport 18i,"BMW, ,X2","15,662 miles",Petrol,"£26,400"
2019 reg,Automatic,2L M Sport 520d,"BMW, ,5 Series","32,542 miles",Diesel,"£26,400"
2019 reg,Automatic,2L M Sport 420d,"BMW, ,4 Series","20,056 miles",Diesel,"£26,400"
2019 reg,Automatic,2L M Sport 520d,"BMW, ,5 Series","28,521 miles",Diesel,"£26,450"
2020 reg,Automatic,1.5L M Sport 118i,"BMW, ,1 Series","3,554 miles",Petrol,"£26,500"
2020 reg,Automatic,1.5L M Sport 118i,"BMW, ,1 Series","23,574 miles",Petrol,"£26,550"
2018 reg,Automatic,2L M Sport 530e,"BMW, ,5 Series","28,383 miles",Petrol,"£26,550"
2019 reg,Automatic,2L M Sport 530e,"BMW, ,5 Series","39,211 miles",Plug-in hybrid,"£26,650"
2020 reg,Automatic,2L M Sport 320i,"BMW, ,3 Series","22,499 miles",Petrol,"£26,650"
2019 reg,Automatic,2L M Sport 330i,"BMW, ,3 Series","42,686 miles",Petrol,"£26,700"
2019 reg,Automatic,2L M Sport 20d,"BMW, ,X3","51,535 miles",Diesel,"£26,700"
2020 reg,Automatic,2L M Sport 20i,"BMW, ,X1","19,755 miles",Petrol,"£26,750"
2019 reg,Automatic,3L Shadow Edition M140i,"BMW, ,1 Series","21,222 miles",Petrol,"£26,800"
2018 reg,Automatic,2L M Sport 530e,"BMW, ,5 Series","33,736 miles",Hybrid,"£26,800"
2020 reg,Automatic,1.5L M Sport 118i,"BMW, ,1 Series","8,704 miles",Petrol,"£26,850"
2020 reg,Automatic,1.5L M Sport 118i,"BMW, ,1 Series","15,815 miles",Petrol,"£26,850"
2020 reg,Automatic,1.5L M Sport 118i,"BMW, ,1 Series","15,805 miles",Petrol,"£26,850"
2019 reg,Automatic,2L M Sport 20i,"BMW, ,X2","9,623 miles",Petrol,"£26,850"
2019 reg,Automatic,3L Shadow Edition M140i,"BMW, ,1 Series","17,583 miles",Petrol,"£26,900"
2019 reg,Manual,1.5L M Sport 218i,"BMW, ,2 Series","13,505 miles",Petrol,"£20,200"
2015 reg,Automatic,2L M Sport 20d,"BMW, ,X4","45,556 miles",Diesel,"£20,200"
2017 reg,Automatic,3L M140i,"BMW, ,1 Series","56,019 miles",Petrol,"£20,250"
2018 reg,Automatic,1.5L Sport 225xe,"BMW, ,2 Series Active Tourer","18,244 miles",Petrol,"£20,250"
2017 reg,Manual,3L Shadow Edition M140i,"BMW, ,1 Series","42,758 miles",Petrol,"£20,300"
2020 reg,Manual,1.5L Sport 118i,"BMW, ,1 Series","15,368 miles",Petrol,"£20,300"
2018 reg,Automatic,1.5L M Sport Shadow Edition 118i,"BMW, ,1 Series","22,555 miles",Petrol,"£20,350"
2018 reg,Automatic,2L M Sport Shadow Edition 330e,"BMW, ,3 Series","52,976 miles",Hybrid,"£20,400"
2017 reg,Automatic,2L M Sport 220d,"BMW, ,2 Series","26,630 miles",Diesel,"£20,450"
2018 reg,Automatic,2L M Sport 20i,"BMW, ,X1","29,460 miles",Petrol,"£20,450"
2016 reg,Automatic,2L M Sport 20d,"BMW, ,X3","52,343 miles",Diesel,"£20,500"
2018 reg,Automatic,2L M Sport 420d,"BMW, ,4 Series Gran Coupe","58,134 miles",Diesel,"£20,500"
2020 reg,Manual,1.5L M Sport 118i,"BMW, ,1 Series","52,005 miles",Petrol,"£20,500"
2018 reg,Automatic,2L xLine 20i,"BMW, ,X1","29,430 miles",Petrol,"£20,500"
2019 reg,Automatic,1.5L M Sport Shadow Edition 118i,"BMW, ,1 Series","23,264 miles",Petrol,"£20,550"
2018 reg,Automatic,2L Sport 20d,"BMW, ,X1","16,719 miles",Diesel,"£20,550"
2018 reg,Automatic,2L M Sport 20i,"BMW, ,X1","34,811 miles",Petrol,"£20,550"
2017 reg,Automatic,2L M Sport 20d,"BMW, ,X3","60,820 miles",Diesel,"£20,600"
2020 reg,Manual,1.5L M Sport 218i,"BMW, ,2 Series","8,626 miles",Petrol,"£20,600"
2018 reg,Automatic,2L M Sport Shadow Edition 330e,"BMW, ,3 Series","51,991 miles",Plug-in hybrid,"£20,650"
2019 reg,Automatic,2L Sport 20d,"BMW, ,X1","22,356 miles",Diesel,"£20,650"
2019 reg,Automatic,2L M Sport 20d,"BMW, ,X1","53,983 miles",Diesel,"£20,700"
2017 reg,Automatic,2L SE 530i,"BMW, ,5 Series","37,500 miles",Petrol,"£20,700"
2017 reg,Automatic,2L M Sport 20d,"BMW, ,X3","47,788 miles",Diesel,"£20,700"
2019 reg,Manual,1.5L M Sport 18i,"BMW, ,X2","25,674 miles",Petrol,"£20,750"
2019 reg,Automatic,1.5L SE 18i,"BMW, ,X1","24,730 miles",Petrol,"£20,750"
2017 reg,Automatic,3L M140i,"BMW, ,1 Series","34,530 miles",Petrol,"£20,750"
2017 reg,Automatic,2L xLine 20d,"BMW, ,X1","30,536 miles",Diesel,"£20,800"
2017 reg,Automatic,21.6kWh,"BMW, ,i3","17,380 miles",Electric,"£20,800"
2018 reg,Automatic,2L M Sport 420d,"BMW, ,4 Series","58,350 miles",Diesel,"£20,800"
2016 reg,Automatic,2L xLine 20d,"BMW, ,X3","31,622 miles",Diesel,"£20,800"
2019 reg,Automatic,1.5L M Sport Shadow Edition 118i,"BMW, ,1 Series","22,870 miles",Petrol,"£20,850"
2019 reg,Automatic,1.5L Luxury 218i,"BMW, ,2 Series Gran Tourer","18,778 miles",Petrol,"£20,900"
2019 reg,Automatic,2L Sport 20i,"BMW, ,X2","37,445 miles",Petrol,"£20,900"
2017 reg,Automatic,2L M Sport 20d,"BMW, ,X3","53,005 miles",Diesel,"£20,900"
2018 reg,Automatic,2L xLine 20i,"BMW, ,X1","24,727 miles",Petrol,"£20,900"
2019 reg,Automatic,2L xLine 20i,"BMW, ,X1","27,236 miles",Petrol,"£20,900"
2018 reg,Automatic,2L M Sport 220i,"BMW, ,2 Series","17,905 miles",Petrol,"£21,050"
2016 reg,Automatic,3L M140i,"BMW, ,1 Series","29,951 miles",Petrol,"£21,050"
2019 reg,Automatic,2L M Sport 420i,"BMW, ,4 Series Gran Coupe","25,175 miles",Petrol,"£21,050"
2016 reg,Automatic,3L M Sport 335d,"BMW, ,3 Series Gran Turismo","34,431 miles",Diesel,"£21,150"
2018 reg,Automatic,2L Sport 20d,"BMW, ,X1","14,719 miles",Diesel,"£21,150"
2017 reg,Automatic,2L M Sport 520d,"BMW, ,5 Series","64,472 miles",Diesel,"£21,150"
2018 reg,Automatic,2L M Sport 520d,"BMW, ,5 Series","60,555 miles",Diesel,"£21,150"
2019 reg,Automatic,2L M Sport 20i,"BMW, ,X1","47,536 miles",Petrol,"£21,200"
2016 reg,Automatic,3L M240i,"BMW, ,2 Series","26,951 miles",Petrol,"£21,200"
2018 reg,Automatic,2L SE 520d,"BMW, ,5 Series","24,899 miles",Diesel,"£21,250"
2018 reg,Automatic,0.6L ,"BMW, ,i3","16,008 miles",Plug-in hybrid,"£24,450"
2018 reg,Automatic,3L Shadow Edition M140i,"BMW, ,1 Series","39,034 miles",Petrol,"£24,450"
2019 reg,Automatic,3L Shadow Edition M140i,"BMW, ,1 Series","48,726 miles",Petrol,"£24,450"
2018 reg,Automatic,3L Shadow Edition M140i,"BMW, ,1 Series","47,500 miles",Petrol,"£24,450"
2020 reg,Automatic,1.5L M Sport 118i,"BMW, ,1 Series","9,801 miles",Petrol,"£24,450"
2019 reg,Automatic,3L Shadow Edition M140i,"BMW, ,1 Series","15,350 miles",Petrol,"£24,450"
2020 reg,Manual,1.5L M Sport 218i,"BMW, ,2 Series Gran Coupe","28,533 miles",Petrol,"£24,500"
2019 reg,Automatic,3L Shadow Edition M140i,"BMW, ,1 Series","31,752 miles",Petrol,"£24,500"
2018 reg,Automatic,3L M240i,"BMW, ,2 Series","25,748 miles",Petrol,"£24,500"
2018 reg,Automatic,2L M Sport 520d,"BMW, ,5 Series","28,491 miles",Diesel,"£24,550"
2018 reg,Automatic,2L M Sport 230i,"BMW, ,2 Series","8,601 miles",Petrol,"£24,550"
2019 reg,Automatic,2L M Sport 20i,"BMW, ,X2","17,949 miles",Petrol,"£24,600"
2020 reg,Automatic,1.5L M Sport 118i,"BMW, ,1 Series","21,679 miles",Petrol,"£24,600"
2019 reg,Automatic,3L Shadow Edition M140i,"BMW, ,1 Series","22,708 miles",Petrol,"£24,600"
2018 reg,Automatic,3L Shadow Edition M140i,"BMW, ,1 Series","28,562 miles",Petrol,"£24,650"
2017 reg,Automatic,2L M Sport 20d,"BMW, ,X3","28,273 miles",Diesel,"£24,700"
2017 reg,Automatic,3L M240i,"BMW, ,2 Series","22,191 miles",Petrol,"£24,700"
2018 reg,Automatic,3L Shadow Edition M140i,"BMW, ,1 Series","21,738 miles",Petrol,"£24,700"
2017 reg,Automatic,3L M Sport 35d,"BMW, ,X4","52,033 miles",Diesel,"£24,700"
2020 reg,Automatic,1.5L M Sport 118i,"BMW, ,1 Series","11,228 miles",Petrol,"£24,700"
2019 reg,Automatic,3L Shadow Edition M140i,"BMW, ,1 Series","24,087 miles",Petrol,"£24,700"
2018 reg,Automatic,2L M Sport iPerformance 530e,"BMW, ,5 Series","34,057 miles",Plug-in hybrid,"£24,700"
2019 reg,Automatic,2L M Sport 20i,"BMW, ,X2","20,479 miles",Petrol,"£24,750"
2017 reg,Manual,3L M240i,"BMW, ,2 Series","17,280 miles",Petrol,"£24,750"
2019 reg,Automatic,2L M Sport 20i,"BMW, ,X2","22,229 miles",Petrol,"£24,800"
2018 reg,Automatic,3L Shadow Edition M140i,"BMW, ,1 Series","21,627 miles",Petrol,"£24,800"
2019 reg,Automatic,2L M Sport 20i,"BMW, ,X2","21,047 miles",Petrol,"£24,900"
2019 reg,Automatic,2L M Sport X 20i,"BMW, ,X2","25,131 miles",Petrol,"£24,950"
2020 reg,Automatic,1.5L M Sport 118i,"BMW, ,1 Series","12,654 miles",Petrol,"£24,950"
2018 reg,Automatic,2L M Sport 20i,"BMW, ,X2","17,650 miles",Petrol,"£25,000"
2019 reg,Automatic,3L Shadow Edition M140i,"BMW, ,1 Series","23,929 miles",Petrol,"£25,000"
2020 reg,Automatic,1.5L M Sport 18i,"BMW, ,X1","32,394 miles",Petrol,"£25,000"
2020 reg,Automatic,1.5L M Sport 118i,"BMW, ,1 Series","8,714 miles",Petrol,"£25,000"
2019 reg,Automatic,3L Shadow Edition M140i,"BMW, ,1 Series","22,608 miles",Petrol,"£25,050"
2018 reg,Automatic,3L Shadow Edition M140i,"BMW, ,1 Series","31,894 miles",Petrol,"£25,100"
2020 reg,Automatic,1.5L M Sport 118i,"BMW, ,1 Series","14,793 miles",Petrol,"£25,200"
2018 reg,Automatic,3L Shadow Edition M140i,"BMW, ,1 Series","30,533 miles",Petrol,"£25,250"
2018 reg,Automatic,3L Shadow Edition M140i,"BMW, ,1 Series","34,046 miles",Petrol,"£25,250"
2020 reg,Automatic,1.5L M Sport 118i,"BMW, ,1 Series","31,871 miles",Petrol,"£25,250"
2019 reg,Automatic,42.2kWh,"BMW, ,i3","20,917 miles",Electric,"£25,250"
2019 reg,Automatic,2L SE 530e,"BMW, ,5 Series","20,969 miles",Plug-in hybrid,"£25,350"
2018 reg,Automatic,3L Shadow Edition M140i,"BMW, ,1 Series","26,429 miles",Petrol,"£25,400"
2020 reg,Automatic,1.5L M Sport 118i,"BMW, ,1 Series","28,243 miles",Petrol,"£25,400"
2020 reg,Automatic,1.5L M Sport 18i,"BMW, ,X2","24,039 miles",Petrol,"£25,400"
2019 reg,Automatic,2L M Sport X 20i,"BMW, ,X2","14,445 miles",Petrol,"£25,400"
2018 reg,Automatic,2L SE 630i,"BMW, ,6 Series Gran Turismo","34,138 miles",Petrol,"£25,450"
2019 reg,Automatic,3L Shadow Edition M140i,"BMW, ,1 Series","20,226 miles",Petrol,"£25,450"
2016 reg,Automatic,2L M Sport 20d,"BMW, ,X3","44,263 miles",Diesel,"£21,300"
2019 reg,Automatic,2L xLine 20i,"BMW, ,X1","41,461 miles",Petrol,"£21,300"
2018 reg,Automatic,2L xLine 20i,"BMW, ,X1","19,437 miles",Petrol,"£21,300"
2017 reg,Automatic,21.6kWh,"BMW, ,i3","20,563 miles",Electric,"£21,350"
2019 reg,Manual,2L M Sport 18d,"BMW, ,X2","27,300 miles",Diesel,"£21,350"
2018 reg,Automatic,2L M Sport 20i,"BMW, ,X1","25,045 miles",Petrol,"£21,350"
2018 reg,Automatic,2L Sport 18d,"BMW, ,X2","15,504 miles",Diesel,"£21,350"
2017 reg,Manual,3L M240i,"BMW, ,2 Series","23,618 miles",Petrol,"£21,400"
2017 reg,Automatic,3L M140i,"BMW, ,1 Series","36,000 miles",Petrol,"£21,400"
2019 reg,Automatic,2L Sport 20d,"BMW, ,X1","26,073 miles",Diesel,"£21,400"
2019 reg,Automatic,2L M Sport 20i,"BMW, ,X1","38,539 miles",Petrol,"£21,400"
2018 reg,Automatic,2L SE 520d,"BMW, ,5 Series","44,980 miles",Diesel,"£21,400"
2019 reg,Automatic,2L M Sport Shadow Edition 120i,"BMW, ,1 Series","32,248 miles",Petrol,"£21,450"
2018 reg,Automatic,2L xLine 20i,"BMW, ,X1","20,080 miles",Petrol,"£21,450"
2019 reg,Automatic,2L xLine 20i,"BMW, ,X1","21,028 miles",Petrol,"£21,500"
2019 reg,Automatic,1.5L M Sport 218i,"BMW, ,2 Series","22,622 miles",Petrol,"£21,550"
2018 reg,Automatic,2L xLine 20d,"BMW, ,X1","34,201 miles",Diesel,"£21,550"
2017 reg,Automatic,3L Shadow Edition M140i,"BMW, ,1 Series","50,867 miles",Petrol,"£21,550"
2019 reg,Automatic,2L xLine 20i,"BMW, ,X1","38,545 miles",Petrol,"£21,600"
2019 reg,Automatic,1.5L SE 18i,"BMW, ,X1","20,587 miles",Petrol,"£21,600"
2019 reg,Automatic,2L M Sport 220d,"BMW, ,2 Series","30,008 miles",Diesel,"£21,650"
2020 reg,Manual,2L M Sport 420i,"BMW, ,4 Series Gran Coupe","15,167 miles",Petrol,"£21,700"
2019 reg,Automatic,2L M Sport 20i,"BMW, ,X1","39,842 miles",Petrol,"£21,750"
2019 reg,Automatic,2L M Sport X 20d,"BMW, ,X2","49,590 miles",Diesel,"£21,800"
2020 reg,Automatic,1.5L M Sport 18i,"BMW, ,X2","64,021 miles",Petrol,"£21,850"
2017 reg,Automatic,2L M Sport 330e,"BMW, ,3 Series","30,151 miles",Plug-in hybrid,"£21,850"
2017 reg,Automatic,3L M240i,"BMW, ,2 Series","51,300 miles",Petrol,"£21,900"
2019 reg,Automatic,2L M Sport 20i,"BMW, ,X1","27,992 miles",Petrol,"£21,900"
2018 reg,Automatic,2L M Sport 530e,"BMW, ,5 Series","62,486 miles",Petrol,"£21,900"
2018 reg,Automatic,2L M Sport 530e,"BMW, ,5 Series","65,793 miles",Plug-in hybrid,"£21,950"
2018 reg,Automatic,3L Shadow Edition M140i,"BMW, ,1 Series","40,214 miles",Petrol,"£21,950"
2019 reg,Automatic,2L SE 520d,"BMW, ,5 Series","31,094 miles",Diesel,"£22,000"
2019 reg,Automatic,1.5L M Sport Shadow Edition 118i,"BMW, ,1 Series","11,301 miles",Petrol,"£22,100"
2017 reg,Automatic,3L M Sport 440i,"BMW, ,4 Series Gran Coupe","59,659 miles",Petrol,"£22,100"
2017 reg,Automatic,3L Shadow Edition M140i,"BMW, ,1 Series","42,812 miles",Petrol,"£22,100"
2018 reg,Automatic,2L M Sport 330e,"BMW, ,3 Series","27,215 miles",Plug-in hybrid,"£22,150"
2018 reg,Automatic,2L M Sport 430i,"BMW, ,4 Series Gran Coupe","45,292 miles",Petrol,"£22,150"
2018 reg,Automatic,2L M Sport 20i,"BMW, ,X2","32,295 miles",Petrol,"£22,150"
2018 reg,Automatic,2L M Sport X 18d,"BMW, ,X2","22,031 miles",Diesel,"£22,150"
2019 reg,Automatic,2L Sport 20i,"BMW, ,X2","19,046 miles",Petrol,"£22,150"
2018 reg,Automatic,21.6kWh,"BMW, ,i3","29,328 miles",Electric,"£22,150"
2017 reg,Automatic,2L M Sport 530e,"BMW, ,5 Series","49,387 miles",Plug-in hybrid,"£22,150"
2017 reg,Automatic,2L xLine 20d,"BMW, ,X3","43,251 miles",Diesel,"£22,200"
2019 reg,Automatic,2L M Sport 20d,"BMW, ,X2","51,716 miles",Diesel,"£22,200"
2019 reg,Automatic,1.5L M Sport 18i,"BMW, ,X2","26,865 miles",Petrol,"£22,200"
2019 reg,Automatic,2L M Sport 520d,"BMW, ,5 Series","57,847 miles",Diesel,"£22,250"
2018 reg,Automatic,2L xLine 20i,"BMW, ,X1","11,512 miles",Petrol,"£22,250"
2019 reg,Automatic,2L Sport 20i,"BMW, ,X2","21,030 miles",Petrol,"£23,300"
2021 reg,Automatic,1.5L M Sport 218i,"BMW, ,2 Series Active Tourer","2,610 miles",Petrol,"£23,300"
2019 reg,Automatic,2L Sport 20d,"BMW, ,X1","10,132 miles",Diesel,"£23,350"
2018 reg,Automatic,2L M Sport X 20d,"BMW, ,X2","14,778 miles",Diesel,"£23,350"
2019 reg,Automatic,1.5L Sport 18i,"BMW, ,X1","25,161 miles",Petrol,"£23,400"
2017 reg,Automatic,2L M Sport 20d,"BMW, ,X4","53,201 miles",Diesel,"£23,400"
2020 reg,Automatic,1.5L M Sport 118i,"BMW, ,1 Series","16,725 miles",Petrol,"£23,400"
2018 reg,Automatic,3L Shadow Edition M140i,"BMW, ,1 Series","41,672 miles",Petrol,"£23,400"
2019 reg,Automatic,2L M Sport 20d,"BMW, ,X3","113,459 miles",Diesel,"£23,500"
2019 reg,Automatic,1.5L Sport 18i,"BMW, ,X1","28,047 miles",Petrol,"£23,500"
2018 reg,Automatic,2L M Sport 20d,"BMW, ,X2","23,800 miles",Diesel,"£23,500"
2018 reg,Automatic,3L Shadow Edition M140i,"BMW, ,1 Series","30,712 miles",Petrol,"£23,500"
2019 reg,Automatic,2L xLine 20i,"BMW, ,X1","19,682 miles",Petrol,"£23,550"
2019 reg,Automatic,2L Sport 20i,"BMW, ,X2","12,954 miles",Petrol,"£23,600"
2017 reg,Automatic,2L M Sport 20d,"BMW, ,X3","35,942 miles",Diesel,"£23,600"
2018 reg,Automatic,3L Shadow Edition M140i,"BMW, ,1 Series","25,712 miles",Petrol,"£23,650"
2017 reg,Automatic,2L M Sport 530e,"BMW, ,5 Series","36,171 miles",Plug-in hybrid,"£23,700"
2019 reg,Automatic,1.5L Sport 218i,"BMW, ,2 Series","12,251 miles",Petrol,"£23,750"
2020 reg,Automatic,2L SE 20i,"BMW, ,X1","35,264 miles",Petrol,"£23,800"
2020 reg,Automatic,1.5L Sport 118i,"BMW, ,1 Series","18,357 miles",Petrol,"£23,800"
2019 reg,Automatic,2L M Sport 220d,"BMW, ,2 Series","8,417 miles",Diesel,"£23,850"
2019 reg,Automatic,3L Shadow Edition M140i,"BMW, ,1 Series","31,909 miles",Petrol,"£23,900"
2018 reg,Automatic,3L Shadow Edition M140i,"BMW, ,1 Series","33,395 miles",Petrol,"£23,950"
2018 reg,Automatic,3L Shadow Edition M140i,"BMW, ,1 Series","31,943 miles",Petrol,"£23,950"
2020 reg,Automatic,1.5L M Sport 118i,"BMW, ,1 Series","15,397 miles",Petrol,"£24,000"
2018 reg,Automatic,2L M Sport 520d,"BMW, ,5 Series","31,219 miles",Diesel,"£24,050"
2018 reg,Automatic,3L Shadow Edition M140i,"BMW, ,1 Series","39,885 miles",Petrol,"£24,050"
2021 reg,Automatic,2L M Sport 218i,"BMW, ,2 Series","10,589 miles",Petrol,"£24,050"
2020 reg,Automatic,1.5L M Sport 118i,"BMW, ,1 Series","26,963 miles",Petrol,"£24,100"
2019 reg,Automatic,2L M Sport 320d,"BMW, ,3 Series","59,640 miles",Diesel,"£24,150"
2017 reg,Automatic,3L Shadow Edition M140i,"BMW, ,1 Series","28,188 miles",Petrol,"£24,150"
2018 reg,Automatic,3L Shadow Edition M140i,"BMW, ,1 Series","19,900 miles",Petrol,"£24,150"
2018 reg,Automatic,3L Shadow Edition M140i,"BMW, ,1 Series","24,446 miles",Petrol,"£24,150"
2017 reg,Automatic,2L M Sport 530e,"BMW, ,5 Series","48,367 miles",Hybrid,"£24,200"
2017 reg,Automatic,2L M Sport 20d,"BMW, ,X4","41,213 miles",Diesel,"£24,200"
2020 reg,Automatic,1.5L M Sport 118i,"BMW, ,1 Series","13,076 miles",Petrol,"£24,200"
2018 reg,Automatic,3L Shadow Edition M140i,"BMW, ,1 Series","23,706 miles",Petrol,"£24,200"
2019 reg,Automatic,2L xLine 20i,"BMW, ,X1","8,661 miles",Petrol,"£24,250"
2019 reg,Automatic,2L M Sport 520i,"BMW, ,5 Series","35,120 miles",Petrol,"£24,250"
2020 reg,Automatic,1.5L Sport 118i,"BMW, ,1 Series","11,349 miles",Petrol,"£24,250"
2015 reg,Automatic,2L M Sport 25d,"BMW, ,X5","38,830 miles",Diesel,"£24,250"
2017 reg,Automatic,2L M Sport 20d,"BMW, ,X4","46,500 miles",Diesel,"£24,300"
2019 reg,Automatic,2L M Sport 520i,"BMW, ,5 Series","27,517 miles",Petrol,"£24,300"
2018 reg,Automatic,3L Shadow Edition M140i,"BMW, ,1 Series","18,207 miles",Petrol,"£24,350"
2018 reg,Automatic,3L M240i,"BMW, ,2 Series","25,887 miles",Petrol,"£24,350"
2018 reg,Automatic,2L M Sport 520i,"BMW, ,5 Series","20,281 miles",Petrol,"£24,400"
2021 reg,Manual,2L M Sport 218i,"BMW, ,2 Series","10,987 miles",Petrol,"£24,400"
2017 reg,Manual,3L M240i,"BMW, ,2 Series","27,785 miles",Petrol,"£22,250"
2017 reg,Automatic,3L Shadow Edition M140i,"BMW, ,1 Series","48,821 miles",Petrol,"£22,300"
2018 reg,Automatic,21.6kWh,"BMW, ,i3","23,205 miles",Electric,"£22,300"
2019 reg,Automatic,2L M Sport 20i,"BMW, ,X2","30,944 miles",Petrol,"£22,300"
2018 reg,Automatic,3L Shadow Edition M140i,"BMW, ,1 Series","44,534 miles",Petrol,"£22,300"
2019 reg,Automatic,2L xLine 20i,"BMW, ,X1","18,738 miles",Petrol,"£22,300"
2019 reg,Automatic,2L Sport 20d,"BMW, ,X2","36,589 miles",Diesel,"£22,350"
2019 reg,Automatic,2L Sport 20d,"BMW, ,X1","17,075 miles",Diesel,"£22,350"
2017 reg,Automatic,2L M Sport 20d,"BMW, ,X3","31,988 miles",Diesel,"£22,350"
2018 reg,Automatic,2L SE 520d,"BMW, ,5 Series","26,685 miles",Diesel,"£22,350"
2018 reg,Automatic,2L M Sport 530e,"BMW, ,5 Series","57,934 miles",Plug-in hybrid,"£22,350"
2017 reg,Automatic,2L M Sport 520d,"BMW, ,5 Series","32,564 miles",Diesel,"£22,400"
2017 reg,Automatic,3L Shadow Edition M140i,"BMW, ,1 Series","43,390 miles",Petrol,"£22,400"
2018 reg,Automatic,3L Shadow Edition M140i,"BMW, ,1 Series","29,028 miles",Petrol,"£22,400"
2018 reg,Automatic,2L SE 520d,"BMW, ,5 Series","21,612 miles",Diesel,"£22,400"
2019 reg,Automatic,2L M Sport 20i,"BMW, ,X2","43,014 miles",Petrol,"£22,450"
2018 reg,Automatic,2L xLine 20i,"BMW, ,X1","8,570 miles",Petrol,"£22,450"
2019 reg,Automatic,2L M Sport 20i,"BMW, ,X2","43,052 miles",Petrol,"£22,500"
2016 reg,Automatic,0.6L ,"BMW, ,i3","2,618 miles",Plug-in hybrid,"£22,500"
2018 reg,Automatic,2L xLine 20i,"BMW, ,X1","14,950 miles",Petrol,"£22,550"
2018 reg,Automatic,1.5L M Sport 218i,"BMW, ,2 Series","8,634 miles",Petrol,"£22,600"
2017 reg,Automatic,2L M Sport 20d,"BMW, ,X3","37,244 miles",Diesel,"£22,600"
2018 reg,Automatic,0.6L S,"BMW, ,i3","33,620 miles",Plug-in hybrid,"£22,600"
2016 reg,Automatic,3L M Sport 640d,"BMW, ,6 Series","51,350 miles",Diesel,"£22,650"
2018 reg,Automatic,2L M Sport 420i,"BMW, ,4 Series","27,287 miles",Petrol,"£22,650"
2018 reg,Automatic,2L M Sport 530e,"BMW, ,5 Series","57,356 miles",Plug-in hybrid,"£22,700"
2017 reg,Automatic,2L M Sport 20d,"BMW, ,X3","47,390 miles",Diesel,"£22,700"
2018 reg,Automatic,2L M Sport 520d,"BMW, ,5 Series","40,340 miles",Diesel,"£22,750"
2017 reg,Automatic,2L M Sport 520d,"BMW, ,5 Series","46,150 miles",Diesel,"£22,750"
2019 reg,Automatic,2L M Sport 420i,"BMW, ,4 Series","55,475 miles",Petrol,"£22,850"
2019 reg,Automatic,2L M Sport 320i,"BMW, ,3 Series Gran Turismo","31,426 miles",Petrol,"£22,850"
2017 reg,Automatic,3L Shadow Edition M140i,"BMW, ,1 Series","40,108 miles",Petrol,"£22,850"
2018 reg,Automatic,2L M Sport 420d,"BMW, ,4 Series","36,676 miles",Diesel,"£22,900"
2019 reg,Automatic,2L Sport 20d,"BMW, ,X1","15,432 miles",Diesel,"£22,900"
2018 reg,Automatic,3L Shadow Edition M140i,"BMW, ,1 Series","34,309 miles",Petrol,"£22,900"
2019 reg,Automatic,2L Sport 320i,"BMW, ,3 Series","39,593 miles",Petrol,"£22,950"
2018 reg,Automatic,21.6kWh,"BMW, ,i3","22,291 miles",Electric,"£22,950"
2020 reg,Manual,1.5L M Sport 118i,"BMW, ,1 Series","27,873 miles",Petrol,"£23,000"
2017 reg,Automatic,3L Shadow Edition M140i,"BMW, ,1 Series","40,205 miles",Petrol,"£23,100"
2017 reg,Automatic,2L M Sport 420d,"BMW, ,4 Series","16,528 miles",Diesel,"£23,100"
2020 reg,Automatic,1.5L M Sport 118i,"BMW, ,1 Series","24,258 miles",Petrol,"£23,150"
2019 reg,Automatic,2L M Sport 20i,"BMW, ,X1","25,837 miles",Petrol,"£23,250"
2017 reg,Automatic,2L M Sport 420d,"BMW, ,4 Series","24,225 miles",Diesel,"£23,250"
2017 reg,Automatic,2L SE 530i,"BMW, ,5 Series","22,702 miles",Petrol,"£23,250"
2018 reg,Automatic,3L Shadow Edition M140i,"BMW, ,1 Series","29,000 miles",Petrol,"£23,250"
2016 reg,Automatic,3L M Sport 335d,"BMW, ,3 Series","46,850 miles",Diesel,"£23,250"
2019 reg,Automatic,2L M Sport 18d,"BMW, ,X2","24,236 miles",Diesel,"£23,300"
